title,link
"India beat Pakistan in ODI World Cup again, extend 100% win record to 13-0",Немає джерела
"India create history, record their highest medal tally at World Para Athletics Championships",Немає джерела
India record their highest total against Pakistan in Women's World Cup history,Немає джерела
Pakistan offers $1-trillion pact to US to explore & export rare earth minerals: Report,Немає джерела
India denied toss win against Pakistan as match referee makes blunder,Немає джерела
"Mosque set on fire in UK's Sussex, police term it 'hate crime'",Немає джерела
Insurers can't deny claims for undisclosed conditions unrelated to current ailment: HC,Немає джерела
Which are the safest cities in India?,Немає джерела
Israel continues striking Gaza day after Hamas partly accepts peace deal,Немає джерела
4 killed in Russia's largest attack on Ukraine's Lviv,Немає джерела
Claims regarding mistreatment of Greta Thunberg are brazen lies: Israel,Немає джерела
Why do doctors have bad handwriting?,Немає джерела
"Millionaire who earns ₹1.8 crore/year from rent still works as janitor in Japan, reveals why",Немає джерела
Bihar Assembly polls to be held before November 22: EC,Немає джерела
Arbaaz Khan and Sshura Khan welcome their first child,Немає джерела
